﻿<parameters>
  <parameter name="IIS Web Application Name" defaultValue="ClassAdd" tags="IisApp">
    <parameterEntry kind="ProviderPath" scope="IisApp" match="^C:\\Users\\ana\\Documents\\Visual\ Studio\ 2012\\Projects\\AnotherOne\\UILayer\\obj\\Release\\Package\\PackageTmp$" />
    <parameterEntry kind="ProviderPath" scope="setAcl" match="^C:\\Users\\ana\\Documents\\Visual\ Studio\ 2012\\Projects\\AnotherOne\\UILayer\\obj\\Release\\Package\\PackageTmp$" />
  </parameter>
  <parameter name="NewDataBaseConnectionString-Web.config Connection String" defaultValue="data source=THEBIGONE;initial catalog=NewDataBase;integrated security=True;MultipleActiveResultSets=True">
    <parameterEntry kind="XmlFile" scope="C:\\Users\\ana\\Documents\\Visual\ Studio\ 2012\\Projects\\AnotherOne\\UILayer\\obj\\Release\\Package\\PackageTmp\\Web\.config$" match="/configuration/connectionStrings/add[@name='NewDataBaseConnectionString']/@connectionString" />
  </parameter>
  <parameter name="NewDataBaseConnectionString2-Web.config Connection String" defaultValue="Data Source=THEBIGONE\;Initial Catalog=NewDataBase;Integrated Security=True;MultipleActiveResultSets=True;Application Name=EntityFramework">
    <parameterEntry kind="XmlFile" scope="C:\\Users\\ana\\Documents\\Visual\ Studio\ 2012\\Projects\\AnotherOne\\UILayer\\obj\\Release\\Package\\PackageTmp\\Web\.config$" match="/configuration/connectionStrings/add[@name='NewDataBaseConnectionString2']/@connectionString" />
  </parameter>
  <parameter name="NewDataBaseEntities-Web.config Connection String" defaultValue="metadata=res://*/DAL.csdl|res://*/DAL.ssdl|res://*/DAL.msl;provider=System.Data.SqlClient;provider connection string=&quot;data source=.;initial catalog=NewDataBase;integrated security=True;multipleactiveresultsets=True;application name=EntityFramework;App=EntityFramework&quot;">
    <parameterEntry kind="XmlFile" scope="C:\\Users\\ana\\Documents\\Visual\ Studio\ 2012\\Projects\\AnotherOne\\UILayer\\obj\\Release\\Package\\PackageTmp\\Web\.config$" match="/configuration/connectionStrings/add[@name='NewDataBaseEntities']/@connectionString" />
  </parameter>
</parameters>